ds;yhat
2024-12-05 09:00:00;11722.113327593886
2024-12-05 09:15:00;11733.096021238156
2024-12-05 09:30:00;11737.004266972212
2024-12-05 09:45:00;11733.977563457196
2024-12-05 10:00:00;11724.140984174142
2024-12-05 10:15:00;11707.654736195323
2024-12-05 10:30:00;11684.76700499849
2024-12-05 10:45:00;11655.864731296848
2024-12-05 11:00:00;11621.517043761158
2024-12-05 11:15:00;11582.506560940436
2024-12-05 11:30:00;11539.844640675648
2024-12-05 11:45:00;11494.767835714125
2024-12-05 12:00:00;11448.71422644423
2024-12-05 12:15:00;11403.279845187097
2024-12-05 12:30:00;11360.156967721347
2024-12-05 12:45:00;11321.057517550478
2024-12-05 13:00:00;11287.626094940395
2024-12-05 13:15:00;11261.348114111894
2024-12-05 13:30:00;11243.459133067208
2024-12-05 13:45:00;11234.861642292411
2024-12-05 14:00:00;11236.055320474663
2024-12-05 14:15:00;11247.086078798551
2024-12-05 14:30:00;11267.518140085618
2024-12-05 14:45:00;11296.432003607668
2024-12-05 15:00:00;11332.449521729728
2024-12-05 15:15:00;11373.785568525615
2024-12-05 15:30:00;11418.324031752318
2024-12-05 15:45:00;11463.714225755215
2024-12-05 16:00:00;11507.482418142668
2024-12-05 16:15:00;11547.152085296122
2024-12-05 16:30:00;11580.365837736734
2024-12-05 16:45:00;11605.001736728504
2024-12-05 17:00:00;11619.27697953983
2024-12-05 17:15:00;11621.832648939073
2024-12-05 17:30:00;11611.794361545522
2024-12-05 17:45:00;11588.80513733761
2024-12-05 18:00:00;11553.028552879667
2024-12-05 18:15:00;11505.122121422697
2024-12-05 18:30:00;11446.182739382783
2024-12-05 18:45:00;11377.667826082496
2024-12-05 19:00:00;11301.297343220409
2024-12-05 19:15:00;11218.943106670384
2024-12-05 19:30:00;11132.512615448977
2024-12-05 19:45:00;11043.83496281235
2024-12-05 20:00:00;10954.556239458734
2024-12-05 20:15:00;10866.051197097986
2024-12-05 20:30:00;10779.356852585302
2024-12-05 20:45:00;10695.132247698637
2024-12-05 21:00:00;10613.646836633128
2024-12-05 21:15:00;10534.798062721997
2024-12-05 21:30:00;10458.156736306997
2024-12-05 21:45:00;10383.036965593883
2024-12-05 22:00:00;10308.585743847465
2024-12-05 22:15:00;10233.88596852752
2024-12-05 22:30:00;10158.065751209495
2024-12-05 22:45:00;10080.406428985483
2024-12-05 23:00:00;10000.441741223736
2024-12-05 23:15:00;9918.041185293834
2024-12-05 23:30:00;9833.471577264343
2024-12-05 23:45:00;9747.432247237395
2024-12-06 00:00:00;9661.061008944494
2024-12-06 00:15:00;9575.909939720728
2024-12-06 00:30:00;9493.891969611985
2024-12-06 00:45:00;9417.201177084702
2024-12-06 01:00:00;9348.211400691373
2024-12-06 01:15:00;9289.35918523916
2024-12-06 01:30:00;9243.018103649176
2024-12-06 01:45:00;9211.372058936173
2024-12-06 02:00:00;9196.295244420213
2024-12-06 02:15:00;9199.246020990655
2024-12-06 02:30:00;9221.18108784896
2024-12-06 02:45:00;9262.495037908124
2024-12-06 03:00:00;9322.988789846853
2024-12-06 03:15:00;9401.868579867252
2024-12-06 03:30:00;9497.775299975623
2024-12-06 03:45:00;9608.842110449918
2024-12-06 04:00:00;9732.7765506345
2024-12-06 04:15:00;9866.961941119078
2024-12-06 04:30:00;10008.571792502285
2024-12-06 04:45:00;10154.690286521973
2024-12-06 05:00:00;10302.431705971947
2024-12-06 05:15:00;10449.051967657078
2024-12-06 05:30:00;10592.046128759905
2024-12-06 05:45:00;10729.226844548499
2024-12-06 06:00:00;10858.780159537064
2024-12-06 06:15:00;10979.296628543785
2024-12-06 06:30:00;11089.777466374559
2024-12-06 06:45:00;11189.61710057871
2024-12-06 07:00:00;11278.565034578714
2024-12-06 07:15:00;11356.671218343297
2024-12-06 07:30:00;11424.220080552926
2024-12-06 07:45:00;11481.658942738271
2024-12-06 08:00:00;11529.526677394811
2024-12-06 08:15:00;11568.388185303622
2024-12-06 08:30:00;11598.779579306978
2024-12-06 08:45:00;11621.16792937805
2024-12-06 09:00:00;11635.928123200663
2024-12-06 09:15:00;11643.337927857376
2024-12-06 09:30:00;11643.590809107174
2024-12-06 09:45:00;11636.824587730207
2024-12-06 10:00:00;11623.162696682795
2024-12-06 10:15:00;11602.763743718962
2024-12-06 10:30:00;11575.87436024131
2024-12-06 10:45:00;11542.879981925831
2024-12-06 11:00:00;11504.348285184153
2024-12-06 11:15:00;11461.06049236716
2024-12-06 11:30:00;11414.026624016444
2024-12-06 11:45:00;11364.481956733642
2024-12-06 12:00:00;11313.863357711303
2024-12-06 12:15:00;11263.765710064126
2024-12-06 12:30:00;11215.880204975603
2024-12-06 12:45:00;11171.917746103747
2024-12-06 13:00:00;11133.52197842665
2024-12-06 13:15:00;11102.177425066315
2024-12-06 13:30:00;11079.11881676829
2024-12-06 13:45:00;11065.247880389452
2024-12-06 14:00:00;11061.06359472007
2024-12-06 14:15:00;11066.611235379729
2024-12-06 14:30:00;11081.454455133746
2024-12-06 14:45:00;11104.673250580941
2024-12-06 15:00:00;11134.889041301685
2024-12-06 15:15:00;11170.31634169655
2024-12-06 15:30:00;11208.838756833164
2024-12-06 15:45:00;11248.105399662254
2024-12-06 16:00:00;11285.642422421695
2024-12-06 16:15:00;11318.973276998551
2024-12-06 16:30:00;11345.740645196973
2024-12-06 16:45:00;11363.822759922112
2024-12-06 17:00:00;11371.437094717448
2024-12-06 17:15:00;11367.225116844273
2024-12-06 17:30:00;11350.312938542376
2024-12-06 17:45:00;11320.344188583469
2024-12-06 18:00:00;11277.483166578775
2024-12-06 18:15:00;11222.38822342612
2024-12-06 18:30:00;11156.157207088918
2024-12-06 18:45:00;11080.24860102786
2024-12-06 19:00:00;10996.38354160783
2024-12-06 19:15:00;10906.435127684133
2024-12-06 19:30:00;10812.31224664676
2024-12-06 19:45:00;10715.845483155012
2024-12-06 20:00:00;10618.682519632348
2024-12-06 20:15:00;10522.199797814246
2024-12-06 20:30:00;10427.436121194212
2024-12-06 20:45:00;10335.052414049409
2024-12-06 21:00:00;10245.320108375996
2024-12-06 21:15:00;10158.138721382367
2024-12-06 21:30:00;10073.081234296702
2024-12-06 21:45:00;9989.464025078858
2024-12-06 22:00:00;9906.43645770704
2024-12-06 22:15:00;9823.083904001063
2024-12-06 22:30:00;9738.537055804418
2024-12-06 22:45:00;9652.079939164649
2024-12-06 23:00:00;9563.249092890088
2024-12-06 23:15:00;9471.916926118212
2024-12-06 23:30:00;9378.353279648769
2024-12-06 23:45:00;9283.26062159943
2024-12-07 00:00:00;9187.780015949778
2024-12-07 00:15:00;9093.46690088233
2024-12-07 00:30:00;9002.237675123404
2024-12-07 00:45:00;8916.289990349807
2024-12-07 01:00:00;8838.001358457463
2024-12-07 01:15:00;8769.81209329216
2024-12-07 01:30:00;8714.099627283109
2024-12-07 01:45:00;8673.051808423173
2024-12-07 02:00:00;8648.546855381874
2024-12-07 02:15:00;8642.047230119466
2024-12-07 02:30:00;8654.513804319908
2024-12-07 02:45:00;8686.345411160204
2024-12-07 03:00:00;8737.347274528403
2024-12-07 03:15:00;8806.72999853525
2024-12-07 03:30:00;8893.138904582309
2024-12-07 03:45:00;8994.711642912462
2024-12-07 04:00:00;9109.160303577639
2024-12-07 04:15:00;9233.872818874972
2024-12-07 04:30:00;9366.027372808912
2024-12-07 04:45:00;9502.71288298412
2024-12-07 05:00:00;9641.048431349987
2024-12-07 05:15:00;9778.294797205433
2024-12-07 05:30:00;9911.951963831756
2024-12-07 05:45:00;10039.837575371552
2024-12-07 06:00:00;10160.1427266733
2024-12-07 06:15:00;10271.463082209524
2024-12-07 06:30:00;10372.805023029754
2024-12-07 06:45:00;10463.568195786127
2024-12-07 07:00:00;10543.507371745764
2024-12-07 07:15:00;10612.677812790887
2024-12-07 07:30:00;10671.369298484049
2024-12-07 07:45:00;10720.03453491717
2024-12-07 08:00:00;10759.217807568431
2024-12-07 08:15:00;10789.489453346923
2024-12-07 08:30:00;10811.391039453496
2024-12-07 08:45:00;10825.395103908202
2024-12-07 09:00:00;10831.88201194392
2024-12-07 09:15:00;10831.135014038284
2024-12-07 09:30:00;10823.35306195288
2024-12-07 09:45:00;10808.67946230572
2024-12-07 10:00:00;10787.243131236572
2024-12-07 10:15:00;10759.208154709238
2024-12-07 10:30:00;10724.826635203826
2024-12-07 10:45:00;10684.48947001936
2024-12-07 11:00:00;10638.769785269746
2024-12-07 11:15:00;10588.454238119544
2024-12-07 11:30:00;10534.558265893866
2024-12-07 11:45:00;10478.322539950956
2024-12-07 12:00:00;10421.189295871334
2024-12-07 12:15:00;10364.758753772383
2024-12-07 12:30:00;10310.727405106158
2024-12-07 12:45:00;10260.811411002842
2024-12-07 13:00:00;10216.659625135548
2024-12-07 13:15:00;10179.761724122243
2024-12-07 13:30:00;10151.35753082816
2024-12-07 13:45:00;10132.353796783706
2024-12-07 14:00:00;10123.254452424193
2024-12-07 14:15:00;10124.109646806985
2024-12-07 14:30:00;10134.487823578938
2024-12-07 14:45:00;10153.473683901637
2024-12-07 15:00:00;10179.693262671899
2024-12-07 15:15:00;10211.365598304781
2024-12-07 15:30:00;10246.378727000912
2024-12-07 15:45:00;10282.38609924775
2024-12-07 16:00:00;10316.918110705981
2024-12-07 16:15:00;10347.502362613699
2024-12-07 16:30:00;10371.785591895836
2024-12-07 16:45:00;10387.649992337916
2024-12-07 17:00:00;10393.31690361132
2024-12-07 17:15:00;10387.431563524018
2024-12-07 17:30:00;10369.12375772452
2024-12-07 17:45:00;10338.040689013855
2024-12-07 18:00:00;10294.350128733364
2024-12-07 18:15:00;10238.713793339495
2024-12-07 18:30:00;10172.232785864888
2024-12-07 18:45:00;10096.368729116099
2024-12-07 19:00:00;10012.845777672715
2024-12-07 19:15:00;9923.539921536956
2024-12-07 19:30:00;9830.36280645647
2024-12-07 19:45:00;9735.147636632926
2024-12-07 20:00:00;9639.544570086951
2024-12-07 20:15:00;9544.932375087183
2024-12-07 20:30:00;9452.352028508005
2024-12-07 20:45:00;9362.46647134037
2024-12-07 21:00:00;9275.548993312175
2024-12-07 21:15:00;9191.50080856021
2024-12-07 21:30:00;9109.896433791031
2024-12-07 21:45:00;9030.053620930981
2024-12-07 22:00:00;8951.122947137166
2024-12-07 22:15:00;8872.190837622606
2024-12-07 22:30:00;8792.388879389317
2024-12-07 22:45:00;8711.00183668231
2024-12-07 23:00:00;8627.566830933967
2024-12-07 23:15:00;8541.956699299104
2024-12-07 23:30:00;8454.441556409598
2024-12-07 23:45:00;8365.723989822276
2024-12-08 00:00:00;8276.945027784906
2024-12-08 00:15:00;8189.659915946203
2024-12-08 00:30:00;8105.784701293362
2024-12-08 00:45:00;8027.516521717352
2024-12-08 01:00:00;7957.2322098301465
2024-12-08 01:15:00;7897.371230873017
2024-12-08 01:30:00;7850.309995591959
2024-12-08 01:45:00;7818.235153339242
2024-12-08 02:00:00;7803.023543664342
2024-12-08 02:15:00;7806.136065973459
2024-12-08 02:30:00;7828.531843555633
2024-12-08 02:45:00;7870.607773898558
2024-12-08 03:00:00;7932.16695728585
2024-12-08 03:15:00;8012.417686583398
2024-12-08 03:30:00;8110.002785703533
2024-12-08 03:45:00;8223.05722329708
2024-12-08 04:00:00;8349.290226809151
2024-12-08 04:15:00;8486.086688295585
2024-12-08 04:30:00;8630.621578409564
2024-12-08 04:45:00;8779.980432211734
2024-12-08 05:00:00;8931.27878474461
2024-12-08 05:15:00;9081.773708202789
2024-12-08 05:30:00;9228.961322845784
2024-12-08 05:45:00;9370.655257168251
2024-12-08 06:00:00;9505.04244138491
2024-12-08 06:15:00;9630.714228452383
2024-12-08 06:30:00;9746.672543286815
2024-12-08 06:45:00;9852.312433151126
2024-12-08 07:00:00;9947.383927648794
2024-12-08 07:15:00;10031.937405184992
2024-12-08 07:30:00;10106.257620727465
2024-12-08 07:45:00;10170.792114674423
2024-12-08 08:00:00;10226.079866392185
2024-12-08 08:15:00;10272.685766873235
2024-12-08 08:30:00;10311.145798751126
2024-12-08 08:45:00;10341.926778331077
2024-12-08 09:00:00;10365.403214308277
2024-12-08 09:15:00;10381.852368422686
2024-12-08 09:30:00;10391.467074935525
2024-12-08 09:45:00;10394.384398072738
2024-12-08 10:00:00;10390.726890948754
2024-12-08 10:15:00;10380.65216056324
2024-12-08 10:30:00;10364.405719256563
2024-12-08 10:45:00;10342.371767878087
2024-12-08 11:00:00;10315.116634387643
2024-12-08 11:15:00;10283.420080688855
2024-12-08 11:30:00;10248.290555627429
2024-12-08 11:45:00;10210.961652641645
2024-12-08 12:00:00;10172.868442988567
2024-12-08 12:15:00;10135.60389873927
2024-12-08 12:30:00;10100.857181723059
2024-12-08 12:45:00;10070.337043883663
2024-12-08 13:00:00;10045.684851564743
2024-12-08 13:15:00;10028.382717640066
2024-12-08 13:30:00;10019.66282633502
2024-12-08 13:45:00;10020.4242176106
2024-12-08 14:00:00;10031.163039657562
2024-12-08 14:15:00;10051.921591562488
2024-12-08 14:30:00;10082.26040277876
2024-12-08 14:45:00;10121.256200410196
2024-12-08 15:00:00;10167.526990537819
2024-12-08 15:15:00;10219.283733858487
2024-12-08 15:30:00;10274.406346588532
2024-12-08 15:45:00;10330.540124083305
2024-12-08 16:00:00;10385.207279388136
2024-12-08 16:15:00;10435.927211528377
2024-12-08 16:30:00;10480.338443577553
2024-12-08 16:45:00;10516.314951623399
2024-12-08 17:00:00;10542.069861304792
2024-12-08 17:15:00;10556.240206998193
2024-12-08 17:30:00;10557.94758782477
2024-12-08 17:45:00;10546.831042539627
2024-12-08 18:00:00;10523.050205580637
2024-12-08 18:15:00;10487.258687577028
2024-12-08 18:30:00;10440.549519853274
2024-12-08 18:45:00;10384.376290131835
2024-12-08 19:00:00;10320.455156384192
2024-12-08 19:15:00;10250.654151955972
2024-12-08 19:30:00;10176.877007298133
2024-12-08 19:45:00;10100.949054027145
2024-12-08 20:00:00;10024.512621907888
2024-12-08 20:15:00;9948.938697322794
2024-12-08 20:30:00;9875.260524335674
2024-12-08 20:45:00;9804.133363404408
2024-12-08 21:00:00;9735.822880172507
2024-12-08 21:15:00;9670.222725863825
2024-12-08 21:30:00;9606.899921204358
2024-12-08 21:45:00;9545.164795079783
2024-12-08 22:00:00;9484.16058143605
2024-12-08 22:15:00;9422.966448985842
2024-12-08 22:30:00;9360.70682222006
2024-12-08 22:45:00;9296.659403745502
2024-12-08 23:00:00;9230.354361232101
2024-12-08 23:15:00;9161.65769195543
2024-12-08 23:30:00;9090.832790330887
2024-12-08 23:45:00;9018.575648021464
2024-12-09 00:00:00;8946.020825714348
2024-12-09 00:15:00;8874.71723269003
2024-12-09 00:30:00;8806.574713094658
2024-12-09 00:45:00;8743.784336584611
2024-12-09 01:00:00;8688.717002981899
2024-12-09 01:15:00;8643.806380147285
2024-12-09 01:30:00;8611.423216754434
2024-12-09 01:45:00;8593.74863497791
2024-12-09 02:00:00;8592.654081978444
2024-12-09 02:15:00;8609.595199539743
2024-12-09 02:30:00;8645.525988676824
2024-12-09 02:45:00;8700.838361127842
2024-12-09 03:00:00;8775.330569750411
2024-12-09 03:15:00;8868.20620103144
2024-12-09 03:30:00;8978.103516719211
2024-12-09 03:45:00;9103.153071745222
2024-12-09 04:00:00;9241.059832741435
2024-12-09 04:15:00;9389.204589082263
2024-12-09 04:30:00;9544.758371837492
2024-12-09 04:45:00;9704.802945400706
2024-12-09 05:00:00;9866.45024779997
2024-12-09 05:15:00;10026.953933137158
2024-12-09 05:30:00;10183.806886681767
2024-12-09 05:45:00;10334.819688974545
2024-12-09 06:00:00;10478.176412035162
2024-12-09 06:15:00;10612.465742986418
2024-12-09 06:30:00;10736.687134271047
2024-12-09 06:45:00;10850.233355023072
2024-12-09 07:00:00;10952.85235080459
2024-12-09 07:15:00;11044.592609594894
2024-12-09 07:30:00;11125.737188304262
2024-12-09 07:45:00;11196.73212048966
2024-12-09 08:00:00;11258.115068385687
2024-12-09 08:15:00;11310.449794169539
2024-12-09 08:30:00;11354.271338757391
2024-12-09 08:45:00;11390.045762948
2024-12-09 09:00:00;11418.147005477676
2024-12-09 09:15:00;11438.85194358812
2024-12-09 09:30:00;11452.353212636894
2024-12-09 09:45:00;11458.787864033477
2024-12-09 10:00:00;11458.278624968409
2024-12-09 10:15:00;11450.983464195384
2024-12-09 10:30:00;11437.148444351966
2024-12-09 10:45:00;11417.158505780759
2024-12-09 11:00:00;11391.580905451438
2024-12-09 11:15:00;11361.196523700351
2024-12-09 11:30:00;11327.015116548067
2024-12-09 11:45:00;11290.271772010943
2024-12-09 12:00:00;11252.40324139831
2024-12-09 12:15:00;11215.00435967371
2024-12-09 12:30:00;11179.766331098923
2024-12-09 12:45:00;11148.40012583254
2024-12-09 13:00:00;11122.549500083456
2024-12-09 13:15:00;11103.699123795306
2024-12-09 13:30:00;11093.083900990317
2024-12-09 13:45:00;11091.605749799444
2024-12-09 14:00:00;11099.763850827154
2024-12-09 14:15:00;11117.603686151158
2024-12-09 14:30:00;11144.689115654846
2024-12-09 14:45:00;11180.100341731337
2024-12-09 15:00:00;11222.458988859717
2024-12-09 15:15:00;11269.979777889008
2024-12-09 15:30:00;11320.546526406613
2024-12-09 15:45:00;11371.80857212911
2024-12-09 16:00:00;11421.2923117202
2024-12-09 16:15:00;11466.52146926593
2024-12-09 16:30:00;11505.139034794578
2024-12-09 16:45:00;11535.023593155336
2024-12-09 17:00:00;11554.393020312347
2024-12-09 17:15:00;11561.889241477022
2024-12-09 17:30:00;11556.638885446853
2024-12-09 17:45:00;11538.286156933102
2024-12-09 18:00:00;11506.99598914466
2024-12-09 18:15:00;11463.427420013935
2024-12-09 18:30:00;11408.679031488704
2024-12-09 18:45:00;11344.21007934895
2024-12-09 19:00:00;11271.7425005218
2024-12-09 19:15:00;11193.150211415765
2024-12-09 19:30:00;11110.342922440548
2024-12-09 19:45:00;11025.1520350357
2024-12-09 20:00:00;10939.226031698698
2024-12-09 20:15:00;10853.942128134817
2024-12-09 20:30:00;10770.339868208488
2024-12-09 20:45:00;10689.080877672814
2024-12-09 21:00:00;10610.4372483058
2024-12-09 21:15:00;10534.309114735202
2024-12-09 21:30:00;10460.27003534006
2024-12-09 21:45:00;10387.636928780263
2024-12-09 22:00:00;10315.559668887001
2024-12-09 22:15:00;10243.124113216676
2024-12-09 22:30:00;10169.461422624197
2024-12-09 22:45:00;10093.856082396152
2024-12-09 23:00:00;10015.84508753842
2024-12-09 23:15:00;9935.301305463388
2024-12-09 23:30:00;9852.49504071909
2024-12-09 23:45:00;9768.129231956946
2024-12-10 00:00:00;9683.345419340312
2024-12-10 00:15:00;9599.69951927703
2024-12-10 00:30:00;9519.108404768243
2024-12-10 00:45:00;9443.770189695144
2024-12-10 01:00:00;9376.062826224364
2024-12-10 01:15:00;9318.427035228611
2024-12-10 01:30:00;9273.240611313104
2024-12-10 01:45:00;9242.691707748038
2024-12-10 02:00:00;9228.65878039202
2024-12-10 02:15:00;9232.604450248436
2024-12-10 02:30:00;9255.489661503507
2024-12-10 02:45:00;9297.713227222313
2024-12-10 03:00:00;9359.080254775534
2024-12-10 03:15:00;9438.801134269477
2024-12-10 03:30:00;9535.520877058068
2024-12-10 03:45:00;9647.376731183544
2024-12-10 04:00:00;9772.080298238392
2024-12-10 04:15:00;9907.018943485667
2024-12-10 04:30:00;10049.370214048029
2024-12-10 04:45:00;10196.2223301429
2024-12-10 05:00:00;10344.693624952635
2024-12-10 05:15:00;10492.044086679993
2024-12-10 05:30:00;10635.772872407111
2024-12-10 05:45:00;10773.696771199344
2024-12-10 06:00:00;10904.00599819684
2024-12-10 06:15:00;11025.29531576669
2024-12-10 06:30:00;11136.57018057285
2024-12-10 06:45:00;11237.229291232028
2024-12-10 07:00:00;11327.026443670133
2024-12-10 07:15:00;11406.015892714737
2024-12-10 07:30:00;11474.486373561045
2024-12-10 07:45:00;11532.889504744258
2024-12-10 08:00:00;11581.768435111526
2024-12-10 08:15:00;11621.692310695602
2024-12-10 08:30:00;11653.201449144386
2024-12-10 08:45:00;11676.767077238288
2024-12-10 09:00:00;11692.768185720683
2024-12-10 09:15:00;11701.486587349043
2024-12-10 09:30:00;11703.119734469563
2024-12-10 09:45:00;11697.809375520332
2024-12-10 10:00:00;11685.682813761465
2024-12-10 10:15:00;11666.902472351549
2024-12-10 10:30:00;11641.718746165096
2024-12-10 10:45:00;11610.52078516048
2024-12-10 11:00:00;11573.879932753505
2024-12-10 11:15:00;11532.581031690008
2024-12-10 11:30:00;11487.637675298973
2024-12-10 11:45:00;11440.28866215951
2024-12-10 12:00:00;11391.974325416691
2024-12-10 12:15:00;11344.292950591474
2024-12-10 12:30:00;11298.939058461257
2024-12-10 12:45:00;11257.626798353076
2024-12-10 13:00:00;11222.00296498376
2024-12-10 13:15:00;11193.555122693859
2024-12-10 13:30:00;11173.520922563464
2024-12-10 13:45:00;11162.804879440582
2024-12-10 14:00:00;11161.908617836965
2024-12-10 14:15:00;11170.8799090402
2024-12-10 14:30:00;11189.28474633886
2024-12-10 14:45:00;11216.205309456258
2024-12-10 15:00:00;11250.265044570815
2024-12-10 15:15:00;11289.6803401354
2024-12-10 15:30:00;11332.336529264354
2024-12-10 15:45:00;11375.884316066093
2024-12-10 16:00:00;11417.851317742263
2024-12-10 16:15:00;11455.762336819264
2024-12-10 16:30:00;11487.26130339205
2024-12-10 16:45:00;11510.227607937984
2024-12-10 17:00:00;11522.879800994395
2024-12-10 17:15:00;11523.86035446664
2024-12-10 17:30:00;11512.296318479022
2024-12-10 17:45:00;11487.832195527086
2024-12-10 18:00:00;11450.63309420909
2024-12-10 18:15:00;11401.358105827041
2024-12-10 18:30:00;11341.10574334554
2024-12-10 18:45:00;11271.33507038679
2024-12-10 19:00:00;11193.767707182962
2024-12-10 19:15:00;11110.277127273865
2024-12-10 19:30:00;11022.772470430979
2024-12-10 19:45:00;10933.084438200847
2024-12-10 20:00:00;10842.86068263995
2024-12-10 20:15:00;10753.477457898394
2024-12-10 20:30:00;10665.973215219117
2024-12-10 20:45:00;10581.00835742495
2024-12-10 21:00:00;10498.853624871901
2024-12-10 21:15:00;10419.407674839844
2024-12-10 21:30:00;10342.24246579932
2024-12-10 21:45:00;10266.673198179209
2024-12-10 22:00:00;10191.847914024374
2024-12-10 22:15:00;10116.85053083163
2024-12-10 22:30:00;10040.8101664333
2024-12-10 22:45:00;9963.009165858153
2024-12-10 23:00:00;9882.982291705219
2024-12-10 23:15:00;9800.600091829936
2024-12-10 23:30:00;9716.130468462405
2024-12-10 23:45:00;9630.27387882548
2024-12-11 00:00:00;9544.169305408177
2024-12-11 00:15:00;9459.37003300213
2024-12-11 00:30:00;9377.790230233803
2024-12-11 00:45:00;9301.625234629704
2024-12-11 01:00:00;9233.250150045675
2024-12-11 01:15:00;9175.102776976848
2024-12-11 01:30:00;9129.557916861142
2024-12-11 01:45:00;9098.800656742467
2024-12-11 02:00:00;9084.706312772927
2024-12-11 02:15:00;9088.734292962914
2024-12-11 02:30:00;9111.842255944075
2024-12-11 02:45:00;9154.425658084843
2024-12-11 03:00:00;9216.286181246805
2024-12-11 03:15:00;9296.63072422287
2024-12-11 03:30:00;9394.100745367075
2024-12-11 03:45:00;9506.829882680438
2024-12-11 04:00:00;9632.526076334072
2024-12-11 04:15:00;9768.572984448387
2024-12-11 04:30:00;9912.144408096368
2024-12-11 04:45:00;10060.324788579017
2024-12-11 05:00:00;10210.228654303395
2024-12-11 05:15:00;10359.112168598485
2024-12-11 05:30:00;10504.470649974115
2024-12-11 05:45:00;10644.117040086265
2024-12-11 06:00:00;10776.2377028572
2024-12-11 06:15:00;10899.423549477156
2024-12-11 06:30:00;11012.676188910593
2024-12-11 06:45:00;11115.39047787789
2024-12-11 07:00:00;11207.316378621079
2024-12-11 07:15:00;11288.504321665643
2024-12-11 07:30:00;11359.239228755509
2024-12-11 07:45:00;11419.968916674634
2024-12-11 08:00:00;11471.232745326271
2024-12-11 08:15:00;11513.596085572091
2024-12-11 08:30:00;11547.595495193309
2024-12-11 08:45:00;11573.698458012714
2024-12-11 09:00:00;11592.28024099217
2024-12-11 09:15:00;11603.618954863765
2024-12-11 09:30:00;11607.908374802959
2024-12-11 09:45:00;11605.28660041056
2024-12-11 10:00:00;11595.877318191828
2024-12-11 10:15:00;11579.839370600575
2024-12-11 10:30:00;11557.419611873811
2024-12-11 10:45:00;11529.003695216179
2024-12-11 11:00:00;11495.159514831961
2024-12-11 11:15:00;11456.66851504822
2024-12-11 11:30:00;11414.54094422218
2024-12-11 11:45:00;11370.012311593287
2024-12-11 12:00:00;11324.519718100797
2024-12-11 12:15:00;11279.65827510563
2024-12-11 12:30:00;11237.119387560808
2024-12-11 12:45:00;11198.614147217611
2024-12-11 13:00:00;11165.786348944644
2024-12-11 13:15:00;11140.12061421935
2024-12-11 13:30:00;11122.85170752822
2024-12-11 13:45:00;11114.881312777534
2024-12-11 14:00:00;11116.708278874205
2024-12-11 14:15:00;11128.377656977544
2024-12-11 14:30:00;11149.452776431563
2024-12-11 14:45:00;11179.013210496614
2024-12-11 15:00:00;11215.679858458801
2024-12-11 15:15:00;11257.666624062718
2024-12-11 15:30:00;11302.856421170898
2024-12-11 15:45:00;11348.89760393979
2024-12-11 16:00:00;11393.315512879204
2024-12-11 16:15:00;11433.632751465724
2024-12-11 16:30:00;11467.491132560925
2024-12-11 16:45:00;11492.768015228123
2024-12-11 17:00:00;11507.680007955745
2024-12-11 17:15:00;11510.867732963201
2024-12-11 17:30:00;11501.456485217283
2024-12-11 17:45:00;11479.089107946274
2024-12-11 18:00:00;11443.929146876348
2024-12-11 18:15:00;11396.634226277474
2024-12-11 18:30:00;11338.301486761897
2024-12-11 18:45:00;11270.388712030332
2024-12-11 19:00:00;11194.616332360623
2024-12-11 19:15:00;11112.856718040748
2024-12-11 19:30:00;11027.017989044389
2024-12-11 19:45:00;10938.929907132168
2024-12-11 20:00:00;10850.239261609984
2024-12-11 20:15:00;10762.321517834007
2024-12-11 20:30:00;10676.214410242283
2024-12-11 20:45:00;10592.577695008391
2024-12-11 21:00:00;10511.681535215901
2024-12-11 21:15:00;10433.424079988137
2024-12-11 21:30:00;10357.37684948931
2024-12-11 21:45:00;10282.854676546554
2024-12-11 22:00:00;10209.005308261978
2024-12-11 22:15:00;10134.912441438517
2024-12-11 22:30:00;10059.705049802966
2024-12-11 22:45:00;9982.665412518323
2024-12-11 23:00:00;9903.328306412735
2024-12-11 23:15:00;9821.564374612219
2024-12-11 23:30:00;9737.641696190885
2024-12-11 23:45:00;9652.260986344407
2024-12-12 00:00:00;9566.561565649186
2024-12-12 00:15:00;9482.097134709078
2024-12-12 00:30:00;9400.782352985276
2024-12-12 00:45:00;9324.813119905928
2024-12-12 01:00:00;9256.565167977644
2024-12-12 01:15:00;9198.47698810994
2024-12-12 01:30:00;9152.924128885905
2024-12-12 01:45:00;9122.092475756854
2024-12-12 02:00:00;9107.85818960244
2024-12-12 02:15:00;9111.681564559767
2024-12-12 02:30:00;9134.521182586443
2024-12-12 02:45:00;9176.77345700552
2024-12-12 03:00:00;9238.241057310997
2024-12-12 03:15:00;9318.131898701959
2024-12-12 03:30:00;9415.088483420352
2024-12-12 03:45:00;9527.245520382434
2024-12-12 04:00:00;9652.312047860041
2024-12-12 04:15:00;9787.672850093166
2024-12-12 04:30:00;9930.502883013025
2024-12-12 04:45:00;10077.88777298794
2024-12-12 05:00:00;10226.94326468222
2024-12-12 05:15:00;10374.926769749025
2024-12-12 05:30:00;10519.33488756325
2024-12-12 05:45:00;10657.981873242194
2024-12-12 06:00:00;10789.055435881974
2024-12-12 06:15:00;10911.147862177339
2024-12-12 06:30:00;11023.262164967853
2024-12-12 06:45:00;11124.794630367702
2024-12-12 07:00:00;11215.496672147516
2024-12-12 07:15:00;11295.420190841294
2024-12-12 07:30:00;11364.851592431736
2024-12-12 07:45:00;11424.240187951167
2024-12-12 08:00:00;11474.126837380078
2024-12-12 08:15:00;11515.078413346386
2024-12-12 08:30:00;11547.632973345286
2024-12-12 08:45:00;11572.259495483675
